T_l0lf(00), T_l0lf(01), T_l0lf(02), T_l0lf(03), T_l0lf(10), T_l0lf(11), T_l0lf(12), T_l0lf(13), T_l0lf(20), T_l0lf(21), T_l0lf(22), T_l0lf(23)
0.992259, -0.123869, 0.00884518, 0.226854, 0.12381, 0.992282, 0.00695612, 0.0308364, -0.00963856, -0.00580715, 0.999937, 0.00891475